{
    "list": [
        {
            "id": "21209_cg",
            "offsetX": 0.0,
            "offsetY": -120.0,
            "scaleFactor": 0.949999988079071,
            "rotateZ": 0.0
        },
        {
            "id": "20209_cg",
            "offsetX": 0.0,
            "offsetY": -220.0,
            "scaleFactor": 1.1200000047683716,
            "rotateZ": 0.0
        },
        {
            "id": "21109_cg",
            "offsetX": 13.239999771118164,
            "offsetY": -79.58000183105469,
            "scaleFactor": 1.100000023841858,
            "rotateZ": 0.0
        }
    ]
}